INSERT INTO movie (id,title,runtime_minutes,genres,start_year) VALUES
	 ('tt0036177','Muhomatsu no issho','100','Action,Adventure','2008'),
	 ('tt0114447','The Silent Force','90','Action','2001'),
	 ('tt0120667','Fantastic Four','106','Action,Adventure,Fantasy','2005'),
	 ('tt0120737','The Lord of the Rings: The Fellowship of the Ring','178','Action,Adventure,Drama','2001'),
	 ('tt0120804','Resident Evil','100','Action,Horror,Sci-Fi','2002'),
	 ('tt0120912','Men in Black II','88','Action,Adventure,Comedy','2002'),
	 ('tt0121765','Star Wars: Episode II - Attack of the Clones','142','Action,Adventure,Fantasy','2002'),
	 ('tt0121766','Star Wars: Episode III - Revenge of the Sith','140','Action,Adventure,Fantasy','2005'),
	 ('tt0128165','Blazin''','100','Action,Crime','2001'),
	 ('tt0131597','Split','700','Action,Crime,Sci-Fi','2004');
INSERT INTO movie (id,title,runtime_minutes,genres,start_year) VALUES
	 ('tt0132245','Driven','116','Action,Drama,Sport','2001'),
	 ('tt0133063','Lightmaker','89','Fantasy','2001'),
	 ('tt0133152','Planet of the Apes','119','Action,Adventure,Sci-Fi','2001'),
	 ('tt0141120','The Ghost','86','Action,Thriller','2001'),
	 ('tt0145487','Spider-Man','121','Action,Adventure,Sci-Fi','2002'),
	 ('tt0146316','Lara Croft: Tomb Raider','100','Action,Adventure,Fantasy','2001'),
	 ('tt0148415','Little Shop of Erotica','87','Fantasy','2001'),
	 ('tt0150021','Camouflage','98','Action,Comedy','2001'),
	 ('tt0151299','Last Fair Deal','101','Action','2002'),
	 ('tt0157472','Clockstoppers','94','Action,Adventure,Comedy','2002');
INSERT INTO movie (id,title,runtime_minutes,genres,start_year) VALUES
	 ('tt0159273','Behind Enemy Lines','106','Action,Drama,Thriller','2001'),
	 ('tt0159378','The Demo Crew','108','Action,Drama,Sport','2001'),
	 ('tt0160275','Final Solution','102','Action,Drama','2001'),
	 ('tt0163025','Jurassic Park III','92','Action,Adventure,Sci-Fi','2001'),
	 ('tt0163764','Net Worth','94','Action,Adventure,Comedy','2001'),
	 ('tt0164184','The Sum of All Fears','124','Action,Drama,Thriller','2002'),
	 ('tt0164961','Vidocq','98','Action,Crime,Fantasy','2001'),
	 ('tt0167116','Desert Saints','88','Action,Romance,Thriller','2002'),
	 ('tt0167190','Hellboy','122','Action,Fantasy','2004'),
	 ('tt0167260','The Lord of the Rings: The Return of the King','201','Action,Adventure,Drama','2003');
INSERT INTO movie (id,title,runtime_minutes,genres,start_year) VALUES
	 ('tt0167261','The Lord of the Rings: The Two Towers','179','Action,Adventure,Drama','2002'),
	 ('tt0167456','Thunderbirds','95','Action,Adventure,Comedy','2004'),
	 ('tt0172156','Bad Boys II','147','Action,Comedy,Crime','2003'),
	 ('tt0173840','Final Fantasy: The Spirits Within','106','Action,Adventure,Animation','2001'),
	 ('tt0177882','Kebab Connection','96','Action,Comedy,Romance','2004'),
	 ('tt0179626','15 Minutes','120','Action,Crime,Drama','2001'),
	 ('tt0180052','The Adventures of Pluto Nash','95','Action,Comedy,Sci-Fi','2002'),
	 ('tt0181689','Minority Report','145','Action,Crime,Mystery','2002'),
	 ('tt0181739','Osmosis Jones','95','Action,Adventure,Animation','2001'),
	 ('tt0181852','Terminator 3: Rise of the Machines','109','Action,Sci-Fi','2003');
INSERT INTO movie (id,title,runtime_minutes,genres,start_year) VALUES
	 ('tt0183790','A Knight''s Tale','132','Action,Adventure,Romance','2001'),
	 ('tt0187738','Blade II','117','Action,Horror,Sci-Fi','2002'),
	 ('tt0188575','Dragon and the Hawk','86','Action,Adventure,Crime','2001'),
	 ('tt0190938','$windle','93','Action,Crime,Drama','2002'),
	 ('tt0193364','The Order','89','Action,Adventure,Comedy','2001'),
	 ('tt0193560','Texas Rangers','90','Action,Adventure,Drama','2001'),
	 ('tt0195393','Vital Parts','87','Action,Crime,Thriller','2001'),
	 ('tt0196158','Ticker','92','Action,Crime,Thriller','2001'),
	 ('tt0199898','Lo Foo Ji','104','Action,Animation','2001'),
	 ('tt0201694','Longshot','93','Action,Comedy,Crime','2001');
INSERT INTO movie (id,title,runtime_minutes,genres,start_year) VALUES
	 ('tt0203536','A Good Night to Die','100','Action,Comedy,Thriller','2003'),
	 ('tt0205380','Sanam Teri Kasam','170','Action,Drama,Romance','2009'),
	 ('tt0206314','Joy Ride','97','Action,Mystery,Thriller','2001'),
	 ('tt0206634','Children of Men','109','Action,Drama,Sci-Fi','2006'),
	 ('tt0207198','Was tun, wenn''s brennt?','101','Action,Comedy,Drama','2001'),
	 ('tt0209163','The Mummy Returns','130','Action,Adventure,Fantasy','2001'),
	 ('tt0210223','Legend of the Phantom Rider','100','Action,Fantasy,Horror','2002'),
	 ('tt0210470','50 Feet of String','53','Fantasy,Mystery','2011'),
	 ('tt0211443','Jason X','92','Action,Horror,Sci-Fi','2001'),
	 ('tt0212867','Soulkeeper','105','Action,Adventure,Comedy','2001');
INSERT INTO movie (id,title,runtime_minutes,genres,start_year) VALUES
	 ('tt0213149','Pearl Harbor','183','Action,Drama,History','2001'),
	 ('tt0213642','Fall','97','Action','2001'),
	 ('tt0214032','The Rage Within','98','Action','2001'),
	 ('tt0214529','Belphégor - Le fantôme du Louvre','97','Fantasy,Horror,Mystery','2001'),
	 ('tt0215135','Route 666','86','Action,Horror,Thriller','2001'),
	 ('tt0217979','Ablaze','97','Action,Drama,Thriller','2001'),
	 ('tt0218053','Black Friday','95','Action','2001'),
	 ('tt0218126','Critical Mass','95','Action,Thriller','2001'),
	 ('tt0218817','Antitrust','108','Action,Crime,Drama','2001'),
	 ('tt0219957','On the Borderline','93','Action,Drama,Thriller','2001');
INSERT INTO movie (id,title,runtime_minutes,genres,start_year) VALUES
	 ('tt0221637','The Third Society','84','Action,Comedy','2002'),
	 ('tt0223284','Final Payback','92','Action','2001'),
	 ('tt0225828','G.O.D.','91','Action,Crime,Thriller','2001'),
	 ('tt0227194','One 2 Ka 4','169','Action,Comedy,Crime','2001'),
	 ('tt0227445','The Score','124','Action,Crime,Drama','2001'),
	 ('tt0227538','Spy Kids','88','Action,Adventure,Comedy','2001'),
	 ('tt0227984','The 51st State','93','Action,Comedy,Crime','2001'),
	 ('tt0228333','Ghosts of Mars','98','Action,Horror,Sci-Fi','2001'),
	 ('tt0228906','Striptease Baby Dolls from Cleveland Meet the Unkillables','80','Action,Comedy,Crime','2005'),
	 ('tt0228977','Two Coyotes','83','Action,Crime,Drama','2001');
INSERT INTO movie (id,title,runtime_minutes,genres,start_year) VALUES
	 ('tt0230011','Atlantis: The Lost Empire','95','Action,Adventure,Animation','2001'),
	 ('tt0231402','Crocodile Dundee in Los Angeles','95','Action,Adventure,Comedy','2001'),
	 ('tt0231448','Deuces Wild','96','Action,Drama','2002'),
	 ('tt0232098','BattleQueen 2020','95','Action,Sci-Fi','2001'),
	 ('tt0232500','The Fast and the Furious','106','Action,Crime,Thriller','2001'),
	 ('tt0232537','Road Dogs','90','Action,Drama','2003'),
	 ('tt0233142','3000 Miles to Graceland','125','Action,Comedy,Crime','2001'),
	 ('tt0233469','Collateral Damage','108','Action,Drama,Thriller','2002'),
	 ('tt0233559','Devious Beings','97','Action,Crime,Thriller','2002'),
	 ('tt0234215','The Matrix Reloaded','138','Action,Sci-Fi','2003');
INSERT INTO movie (id,title,runtime_minutes,genres,start_year) VALUES
	 ('tt0235280','Cheerleader Ninjas','91','Action,Comedy','2002'),
	 ('tt0235553','Love and a Bullet','85','Action,Comedy,Crime','2002'),
	 ('tt0235853','Vampire Lesbian Kickboxers','85','Action,Adventure','2004'),
	 ('tt0237534','Le pacte des loups','142','Action,Adventure,Drama','2001'),
	 ('tt0237687','Sakura taisen: Katsudou shashin','80','Action,Adventure,Animation','2001'),
	 ('tt0238380','Equilibrium','107','Action,Drama,Sci-Fi','2002'),
	 ('tt0238552','Replicant','100','Action,Sci-Fi,Thriller','2001'),
	 ('tt0238948','Double Take','88','Action,Comedy,Crime','2001'),
	 ('tt0239395','Cats & Dogs','87','Action,Comedy,Family','2001'),
	 ('tt0240468','Kung Pow: Enter the Fist','81','Action,Comedy','2002');
INSERT INTO movie (id,title,runtime_minutes,genres,start_year) VALUES
	 ('tt0240510','The Four Feathers','132','Action,Adventure,Drama','2002'),
	 ('tt0242445','Exit Wounds','101','Action,Crime,Thriller','2001'),
	 ('tt0242653','The Matrix Revolutions','129','Action,Sci-Fi','2003'),
	 ('tt0242746','Out of Line','96','Action,Crime,Drama','2001'),
	 ('tt0242798','Proximity','100','Action,Crime,Mystery','2001'),
	 ('tt0243278','Going Back','113','Action,Drama,War','2001'),
	 ('tt0243554','When Strangers Appear','98','Action,Mystery,Thriller','2001'),
	 ('tt0243609','To End All Wars','125','Action,Drama,War','2001'),
	 ('tt0243885','The Elite','103','Action,Crime,Thriller','2001'),
	 ('tt0243907','Firetrap','97','Action,Crime','2001');
INSERT INTO movie (id,title,runtime_minutes,genres,start_year) VALUES
	 ('tt0244000','American Outlaws','94','Action,Western','2001'),
	 ('tt0244244','Swordfish','99','Action,Crime,Thriller','2001'),
	 ('tt0244479','Tmavomodrý svet','112','Action,Drama,Romance','2001'),
	 ('tt0245095','The Enemy','94','Action,Crime,Thriller','2001'),
	 ('tt0245120','The Forsaken','90','Action,Horror,Thriller','2001'),
	 ('tt0245562','Windtalkers','134','Action,Drama,War','2002'),
	 ('tt0245674','Thir13en Ghosts','91','Fantasy,Horror','2001'),
	 ('tt0245799','Rage of the Innocents','93','Action,Sci-Fi,Thriller','2001'),
	 ('tt0245803','Bulletproof Monk','104','Action,Comedy,Fantasy','2003'),
	 ('tt0245844','The Count of Monte Cristo','131','Action,Adventure,Drama','2002');
INSERT INTO movie (id,title,runtime_minutes,genres,start_year) VALUES
	 ('tt0245891','Extremedays','93','Action,Adventure,Comedy','2001'),
	 ('tt0246409','False Start','90','Action,Drama,Sport','2001'),
	 ('tt0246460','Die Another Day','133','Action,Adventure,Thriller','2002'),
	 ('tt0246544','The Musketeer','104','Action,Adventure,Romance','2001'),
	 ('tt0246894','Rollerball','98','Action,Sci-Fi,Sport','2002'),
	 ('tt0247254','The Code Conspiracy','97','Action,Mystery,Thriller','2002'),
	 ('tt0247303','Down','111','Action,Horror,Mystery','2001'),
	 ('tt0247419','Ignition','99','Action,Drama,Thriller','2001'),
	 ('tt0248640','Hard Cash','116','Action,Crime,Thriller','2002'),
	 ('tt0248742','Crash Point Zero','93','Action,Adventure,Drama','2001');
INSERT INTO movie (id,title,runtime_minutes,genres,start_year) VALUES
	 ('tt0249371','Asoka','180','Action,Biography,Drama','2001'),
	 ('tt0249498','Escape from Cuba','97','Action,Drama','2003'),
	 ('tt0249511','Double Deception','87','Action,Thriller','2001'),
	 ('tt0249516','Foodfight!','91','Action,Adventure,Animation','2012'),
	 ('tt0250023','Tapped Out','95','Action,Crime','2003'),
	 ('tt0250485','L.A.P.D.: To Protect and to Serve','94','Action,Crime,Drama','2001'),
	 ('tt0250613','New Alcatraz','96','Action,Horror,Sci-Fi','2001'),
	 ('tt0250687','Rat Race','112','Action,Adventure,Comedy','2001'),
	 ('tt0250720','See Spot Run','94','Action,Comedy,Crime','2001'),
	 ('tt0252223','All the Queen''s Men','99','Action,Comedy,Drama','2001');
INSERT INTO movie (id,title,runtime_minutes,genres,start_year) VALUES
	 ('tt0252503','Heist','109','Action,Crime,Drama','2001'),
	 ('tt0253126','High Heels and Low Lifes','86','Action,Comedy,Crime','2001'),
	 ('tt0253335','No Turning Back','98','Action,Adventure,Drama','2001'),
	 ('tt0253487','Pledge of Innocence','93','Action,Drama,Thriller','2001'),
	 ('tt0253556','Reign of Fire','101','Action,Adventure,Fantasy','2002'),
	 ('tt0253754','Star Trek: Nemesis','116','Action,Adventure,Sci-Fi','2002'),
	 ('tt0254252','Dead Awake','100','Action,Thriller','2001'),
	 ('tt0254334','The Fourth Angel','96','Action,Drama,Thriller','2001'),
	 ('tt0254481','Koi... Mil Gaya','171','Action,Drama,Romance','2003'),
	 ('tt0254775','La sirène rouge','118','Action,Crime,Thriller','2002');
INSERT INTO movie (id,title,runtime_minutes,genres,start_year) VALUES
	 ('tt0255443','Deadly Engagement','92','Action,Adventure','2002'),
	 ('tt0256155','Beneath Loch Ness','96','Action,Adventure,Fantasy','2001'),
	 ('tt0256341','Road to Redemption','89','Action,Comedy,Drama','2001'),
	 ('tt0256400','Sometimes a Hero','91','Action,Crime,Drama','2003'),
	 ('tt0256531','Young Blades','92','Action,Adventure','2001'),
	 ('tt0257076','S.W.A.T.','117','Action,Adventure,Crime','2003'),
	 ('tt0257510','Crocodile 2: Death Swamp','93','Action,Adventure,Horror','2002'),
	 ('tt0257568','Kangaroo Jack','89','Action,Adventure,Comedy','2003'),
	 ('tt0258038','Pootie Tang','81','Action,Adventure,Comedy','2001'),
	 ('tt0258463','The Bourne Identity','119','Action,Mystery,Thriller','2002');
INSERT INTO movie (id,title,runtime_minutes,genres,start_year) VALUES
	 ('tt0259324','Ghost Rider','110','Action,Fantasy,Thriller','2007'),
	 ('tt0259386','Knight Club','90','Action,Drama,Thriller','2001'),
	 ('tt0259484','Paid in Full','97','Action,Crime,Drama','2002'),
	 ('tt0259711','Vanilla Sky','136','Fantasy,Mystery,Romance','2001'),
	 ('tt0260136','Kuen sun','92','Action,Fantasy,Sci-Fi','2001'),
	 ('tt0262462','Carman: The Champion','82','Action,Drama,Sport','2001'),
	 ('tt0262828','Thug Life','90','Action,Crime','2001'),
	 ('tt0263728','Megiddo: The Omega Code 2','104','Action,Adventure,Fantasy','2001'),
	 ('tt0263746','Mindstorm','97','Action,Horror,Mystery','2001'),
	 ('tt0263939','El rey','92','Action,Drama','2004');
INSERT INTO movie (id,title,runtime_minutes,genres,start_year) VALUES
	 ('tt0264333','The Abduction Club','96','Action,Adventure,Comedy','2002'),
	 ('tt0264365','Ancient Warriors','99','Action','2003'),
	 ('tt0264395','Basic','98','Action,Crime,Drama','2003'),
	 ('tt0264410','Berserker','84','Action,Adventure,Fantasy','2004'),
	 ('tt0264429','Black Mask 2: City of Masks','102','Action,Drama,Sci-Fi','2002'),
	 ('tt0264508','Dagon','98','Fantasy,Horror,Mystery','2001'),
	 ('tt0264605','Extreme Force','90','Action','2001'),
	 ('tt0264606','Extreme Honor','90','Action,Drama','2001'),
	 ('tt0264792','Let''s Get Skase','96','Action,Adventure,Comedy','2001'),
	 ('tt0265104','The Breed','91','Action,Horror,Sci-Fi','2001');
INSERT INTO movie (id,title,runtime_minutes,genres,start_year) VALUES
	 ('tt0265198','Gangland','90','Action,Sci-Fi','2001'),
	 ('tt0265226','Home Invaders','100','Action','2001'),
	 ('tt0265521','The Pharaoh Project','85','Action,Adventure,Sci-Fi','2001'),
	 ('tt0265611','Rain','96','Action,Drama,Family','2001'),
	 ('tt0265709','Scenes of the Crime','91','Action,Drama,Thriller','2001'),
	 ('tt0265944','The Untold','86','Action,Adventure,Horror','2002'),
	 ('tt0266102','Zoe','90','Action,Drama','2001'),
	 ('tt0266339','Blood and Guts','114','Action,Horror,Mystery','2001'),
	 ('tt0266465','A Man Apart','109','Action,Crime,Drama','2003'),
	 ('tt0266486','Dubai','199','Action,Thriller','2001');
INSERT INTO movie (id,title,runtime_minutes,genres,start_year) VALUES
	 ('tt0266697','Kill Bill: Vol. 1','111','Action,Crime,Drama','2003'),
	 ('tt0266915','Rush Hour 2','90','Action,Comedy,Crime','2001'),
	 ('tt0266987','Spy Game','126','Action,Crime,Thriller','2001'),
	 ('tt0267129','Yamakasi - Les samouraïs des temps modernes','90','Action,Crime,Drama','2001'),
	 ('tt0267287','Avalon','107','Action,Drama,Fantasy','2001'),
	 ('tt0267336','Dakota Bound','90','Action,Adventure,Sci-Fi','2001'),
	 ('tt0267379','Close Call','93','Action,Crime,Drama','2004'),
	 ('tt0267414','Facing the Enemy','98','Action,Thriller','2001'),
	 ('tt0267659','Last Run','98','Action,Crime,Thriller','2001'),
	 ('tt0267804','The One','87','Action,Sci-Fi,Thriller','2001');


INSERT INTO celebrity (id,birth_year,death_year,primary_name) VALUES
	 ('nm0051765','1901','1953','Tsumasaburô Bandô'),
	 ('nm0632660',NULL,NULL,'Shigeo Nishida'),
	 ('nm1671791','1913','1945','Keiko Sonoi'),
	 ('nm0619218','1907','1972','Yasushi Nagata'),
	 ('nm1796246',NULL,NULL,'Kamon Kawamura'),
	 ('nm0408348','1905','1980','Hiroshi Inagaki'),
	 ('nm0411632','1900','1946','Mansaku Itami'),
	 ('nm0412616','1906',NULL,'Shunsaku Iwashita'),
	 ('nm1156001',NULL,NULL,'Gorô Nishi'),
	 ('nm0594335','1908','1999','Kazuo Miyagawa');
INSERT INTO celebrity (id,birth_year,death_year,primary_name) VALUES
	 ('nm0002290','1962',NULL,'Loren Avedon'),
	 ('nm0698235',NULL,NULL,'Christopher Probst'),
	 ('nm0865058','1959',NULL,'Brian Tochi'),
	 ('nm0453564','1968','2012','Karen Kim'),
	 ('nm0156475','1949',NULL,'George Cheung'),
	 ('nm0561917',NULL,NULL,'David H. May'),
	 ('nm1802961',NULL,NULL,'Cynthia Ahearn'),
	 ('nm0802035',NULL,NULL,'Ron Singer'),
	 ('nm0074762',NULL,NULL,'Efrem Bergman'),
	 ('nm0006506','1961',NULL,'Steve Adcock');
INSERT INTO celebrity (id,birth_year,death_year,primary_name) VALUES
	 ('nm0344435','1973',NULL,'Ioan Gruffudd'),
	 ('nm0032696','1948',NULL,'Avi Arad'),
	 ('nm0004821','1963',NULL,'Michael Chiklis'),
	 ('nm0262635','1981',NULL,'Chris Evans'),
	 ('nm0004695','1981',NULL,'Jessica Alba'),
	 ('nm1103162','1970',NULL,'Tim Story'),
	 ('nm0004111','1953',NULL,'Mark Frost'),
	 ('nm0289833','1962','2013','Michael France'),
	 ('nm0498278','1922','2018','Stan Lee'),
	 ('nm0456158','1917','1994','Jack Kirby');
INSERT INTO celebrity (id,birth_year,death_year,primary_name) VALUES
	 ('nm0000704','1981',NULL,'Elijah Wood'),
	 ('nm0761744',NULL,NULL,'Tim Sanders'),
	 ('nm0005212','1939',NULL,'Ian McKellen'),
	 ('nm0089217','1977',NULL,'Orlando Bloom'),
	 ('nm0000293','1959',NULL,'Sean Bean'),
	 ('nm0001392','1961',NULL,'Peter Jackson'),
	 ('nm0866058','1892','1973','J.R.R. Tolkien'),
	 ('nm0909638','1959',NULL,'Fran Walsh'),
	 ('nm0101991',NULL,NULL,'Philippa Boyens'),
	 ('nm0651614','1944',NULL,'Barrie M. Osborne');
INSERT INTO celebrity (id,birth_year,death_year,primary_name) VALUES
	 ('nm0000170','1975',NULL,'Milla Jovovich'),
	 ('nm0001504','1969',NULL,'Marilyn Manson'),
	 ('nm0735442','1978',NULL,'Michelle Rodriguez'),
	 ('nm1011675',NULL,NULL,'Ryan McCluskey'),
	 ('nm0668994',NULL,NULL,'Oscar Pearce'),
	 ('nm0027271','1965',NULL,'Paul W.S. Anderson'),
	 ('nm0093337','1965',NULL,'Jeremy Bolt'),
	 ('nm0251536','1949','2011','Bernd Eichinger'),
	 ('nm0352820','1953','2018','Samuel Hadida'),
	 ('nm0001937','1966',NULL,'Marco Beltrami');
INSERT INTO celebrity (id,birth_year,death_year,primary_name) VALUES
	 ('nm0000169','1946',NULL,'Tommy Lee Jones'),
	 ('nm0662748','1951',NULL,'Walter F. Parkes'),
	 ('nm0000226','1968',NULL,'Will Smith'),
	 ('nm0001800','1931','2019','Rip Torn'),
	 ('nm0001223','1970',NULL,'Lara Flynn Boyle'),
	 ('nm0001756','1953',NULL,'Barry Sonnenfeld'),
	 ('nm0192384','1959',NULL,'Lowell Cunningham'),
	 ('nm0330565',NULL,NULL,'Robert Gordon'),
	 ('nm0266673',NULL,NULL,'Barry Fanaro'),
	 ('nm0531827','1953',NULL,'Laurie MacDonald');
INSERT INTO celebrity (id,birth_year,death_year,primary_name) VALUES
	 ('nm0159789','1981',NULL,'Hayden Christensen'),
	 ('nm0650038',NULL,NULL,'Lorne Orleans'),
	 ('nm0000204','1981',NULL,'Natalie Portman'),
	 ('nm0000191','1971',NULL,'Ewan McGregor'),
	 ('nm0000489','1922','2015','Christopher Lee'),
	 ('nm0000184','1944',NULL,'George Lucas'),
	 ('nm0355054','1937',NULL,'Jonathan Hales'),
	 ('nm1694619','1949',NULL,'John Ostrander'),
	 ('nm2176955','1954',NULL,'Jan Duursema'),
	 ('nm0564768','1950',NULL,'Rick McCallum');
INSERT INTO celebrity (id,birth_year,death_year,primary_name) VALUES
	 ('nm0005897','1960',NULL,'David Tattersall'),
	 ('nm0000168','1948',NULL,'Samuel L. Jackson'),
	 ('nm0002354','1932',NULL,'John Williams'),
	 ('nm0917620',NULL,NULL,'Michael Wehrhahn'),
	 ('nm0593059',NULL,NULL,'George Mitas'),
	 ('nm0461355','1971',NULL,'Sascha Knopf'),
	 ('nm0553460','1972',NULL,'Angie Martinez'),
	 ('nm0744975',NULL,NULL,'Paula Roth'),
	 ('nm1257937',NULL,NULL,'Marcos Antonio Miranda'),
	 ('nm0520189',NULL,NULL,'Roberto Lopez');
INSERT INTO celebrity (id,birth_year,death_year,primary_name) VALUES
	 ('nm0410426',NULL,NULL,'Michael Irwin'),
	 ('nm0592171',NULL,NULL,'Nestor Miranda'),
	 ('nm0848841',NULL,NULL,'George Tan'),
	 ('nm1317822',NULL,NULL,'Sean Miller'),
	 ('nm0920408',NULL,NULL,'Sam Wells'),
	 ('nm0816839',NULL,NULL,'Jonny Spanish'),
	 ('nm0453548',NULL,NULL,'Julienne Hanzelka Kim'),
	 ('nm0004193','1968',NULL,'Debbie Rochon'),
	 ('nm0080719',NULL,NULL,'Chaim Bianco'),
	 ('nm1058227',NULL,NULL,'Josh Dorn');
INSERT INTO celebrity (id,birth_year,death_year,primary_name) VALUES
	 ('nm1572231',NULL,NULL,'Stern Jesus'),
	 ('nm1633229',NULL,NULL,'David Sarasti'),
	 ('nm0913927',NULL,NULL,'Daniel Watchulonis'),
	 ('nm0000230','1946',NULL,'Sylvester Stallone'),
	 ('nm0278475','1964',NULL,'Mauro Fiore'),
	 ('nm0661164','1975',NULL,'Kip Pardue'),
	 ('nm0001709','1963',NULL,'Til Schweiger'),
	 ('nm0000608','1936','2018','Burt Reynolds'),
	 ('nm0001317','1959',NULL,'Renny Harlin'),
	 ('nm0804847',NULL,NULL,'Jan Skrentny');
INSERT INTO celebrity (id,birth_year,death_year,primary_name) VALUES
	 ('nm0845844',NULL,NULL,'Neal Tabachnick'),
	 ('nm0759627','1955',NULL,'Elie Samaha'),
	 ('nm0117741','1970',NULL,'BT'),
	 ('nm0952498','1961',NULL,'Zbigniew Zamachowski'),
	 ('nm0087477','1952',NULL,'Boris Blank'),
	 ('nm0576666','1945',NULL,'Dieter Meier'),
	 ('nm0343003','1967',NULL,'Cornelia Grolimund'),
	 ('nm0693145','1953',NULL,'Malgorzata Potocka'),
	 ('nm1633096',NULL,NULL,'Rozanne Charbonneau'),
	 ('nm0871293',NULL,'2016','John Travers');
INSERT INTO celebrity (id,birth_year,death_year,primary_name) VALUES
	 ('nm0220682','1971',NULL,'Christos Dervenis'),
	 ('nm0646297','1959',NULL,'Edward Oleschak'),
	 ('nm0065100','1972',NULL,'Christophe Beck'),
	 ('nm0000242','1971',NULL,'Mark Wahlberg'),
	 ('nm0005573','1934','2012','Richard D. Zanuck'),
	 ('nm0000307','1966',NULL,'Helena Bonham Carter'),
	 ('nm0000619','1961',NULL,'Tim Roth'),
	 ('nm0003817','1957','2012','Michael Clarke Duncan'),
	 ('nm0000318','1958',NULL,'Tim Burton'),
	 ('nm0099541','1912','1994','Pierre Boulle');
INSERT INTO celebrity (id,birth_year,death_year,primary_name) VALUES
	 ('nm0115310','1944',NULL,'William Broyles Jr.'),
	 ('nm0465199',NULL,NULL,'Lawrence Konner'),
	 ('nm0742797',NULL,NULL,'Mark Rosenthal'),
	 ('nm0497621','1956',NULL,'Julie Lee'),
	 ('nm0931050',NULL,NULL,'Ken Williams'),
	 ('nm0000514','1957',NULL,'Michael Madsen'),
	 ('nm0846480','1950',NULL,'Cary-Hiroyuki Tagawa'),
	 ('nm0368745','1945','2017','Richard Hatch'),
	 ('nm0413465','1938',NULL,'Douglas Jackson'),
	 ('nm0853715',NULL,NULL,'Dave Tedder');
INSERT INTO celebrity (id,birth_year,death_year,primary_name) VALUES
	 ('nm0253189',NULL,NULL,'Tony Eldridge'),
	 ('nm0381043','1956',NULL,'Louis Herthum'),
	 ('nm1064516',NULL,NULL,'David Waters'),
	 ('nm0001497','1975',NULL,'Tobey Maguire'),
	 ('nm0957205','1950','2011','Laura Ziskin'),
	 ('nm0000379','1982',NULL,'Kirsten Dunst'),
	 ('nm0000353','1955',NULL,'Willem Dafoe'),
	 ('nm0290556','1978',NULL,'James Franco'),
	 ('nm0000600','1959',NULL,'Sam Raimi'),
	 ('nm0228492','1927','2018','Steve Ditko');
INSERT INTO celebrity (id,birth_year,death_year,primary_name) VALUES
	 ('nm0462895','1963',NULL,'David Koepp'),
	 ('nm0117290',NULL,NULL,'Ian Bryce'),
	 ('nm0001401','1975',NULL,'Angelina Jolie'),
	 ('nm0957003',NULL,NULL,'John Zinman'),
	 ('nm0000685','1938',NULL,'Jon Voight'),
	 ('nm0322513','1961',NULL,'Iain Glen'),
	 ('nm0852965','1969',NULL,'Noah Taylor'),
	 ('nm0922346','1961',NULL,'Simon West'),
	 ('nm0153384',NULL,NULL,'Sara B. Cooper'),
	 ('nm0108273',NULL,NULL,'Mike Werb');
INSERT INTO celebrity (id,birth_year,death_year,primary_name) VALUES
	 ('nm0171718',NULL,NULL,'Michael Colleary'),
	 ('nm0557266',NULL,NULL,'Patrick Massett'),
	 ('nm0001032','1952','2009','Marilyn Chambers'),
	 ('nm0118456',NULL,NULL,'Bill Buckendorf'),
	 ('nm0366573','1956',NULL,'Veronica Hart'),
	 ('nm0769358','1964',NULL,'Richard Lounello'),
	 ('nm0663017','1965',NULL,'Tammy Parks'),
	 ('nm0766578',NULL,NULL,'Ernest G. Sauer'),
	 ('nm0175145',NULL,NULL,'Gary P. Conner'),
	 ('nm0227753','1965',NULL,'Joe Dinki');
INSERT INTO celebrity (id,birth_year,death_year,primary_name) VALUES
	 ('nm0579746',NULL,NULL,'Joey Mennonna'),
	 ('nm0914368',NULL,NULL,'Michael W. Watkins'),
	 ('nm0000558','1926','2010','Leslie Nielsen'),
	 ('nm0261133',NULL,NULL,'Anthony Esposito'),
	 ('nm0613147','1966',NULL,'Lochlyn Munro'),
	 ('nm0029502','1966',NULL,'Vanessa Angel'),
	 ('nm0001235','1955',NULL,'William Forsythe'),
	 ('nm0005077','1947',NULL,'James Keach'),
	 ('nm0000671','1955',NULL,'Billy Bob Thornton'),
	 ('nm0258370',NULL,NULL,'Tom Epperson');
INSERT INTO celebrity (id,birth_year,death_year,primary_name) VALUES
	 ('nm0770046','1932','2014','Karl Schanzer'),
	 ('nm0158861',NULL,NULL,'Patrick D. Cheh'),
	 ('nm0141281','1941','2014','L.M. Kit Carson'),
	 ('nm1182645',NULL,NULL,'Knick Tran'),
	 ('nm0856086','1966',NULL,'Todd Terry'),
	 ('nm0484814',NULL,NULL,'Erol Landis'),
	 ('nm9762184',NULL,NULL,'Eric Allen'),
	 ('nm0813278',NULL,NULL,'Charles Solomon Jr.'),
	 ('nm0071846',NULL,NULL,'John M. Bennett'),
	 ('nm0819527',NULL,NULL,'Matthew Spradlin');
INSERT INTO celebrity (id,birth_year,death_year,primary_name) VALUES
	 ('nm0086536',NULL,NULL,'Doug Blake'),
	 ('nm0002654',NULL,NULL,'Bill Schwarz'),
	 ('nm0103038','1979',NULL,'Jesse Bradford'),
	 ('nm0005036','1955',NULL,'Gale Anne Hurd'),
	 ('nm0829390','1964',NULL,'French Stewart'),
	 ('nm0305519','1974',NULL,'Paula Garcés'),
	 ('nm0000299','1956',NULL,'Michael Biehn'),
	 ('nm0000408','1952',NULL,'Jonathan Frakes'),
	 ('nm0373154','1954',NULL,'Rob Hedden'),
	 ('nm0373151','1957','2012','Andy Hedden');
INSERT INTO celebrity (id,birth_year,death_year,primary_name) VALUES
	 ('nm0826425',NULL,NULL,'J. David Stem'),
	 ('nm0918955',NULL,NULL,'David N. Weiss'),
	 ('nm0000432','1930',NULL,'Gene Hackman'),
	 ('nm0204862',NULL,NULL,'John Davis'),
	 ('nm0005562','1968',NULL,'Owen Wilson'),
	 ('nm0532683','1972',NULL,'Gabriel Macht'),
	 ('nm0925916','1972',NULL,'Charles Malik Whitfield'),
	 ('nm0601382','1970',NULL,'John Moore'),
	 ('nm0859029',NULL,NULL,'Jim Thomas'),
	 ('nm0859049',NULL,NULL,'John Thomas');


INSERT INTO movie_celebrity (celebrity_id,movie_id,category,`characters`) VALUES
	 ('nm0051765','tt0036177','actor','["Matsugoro, aka Matsu"]'),
	 ('nm0632660','tt0036177','editor',NULL),
	 ('nm1671791','tt0036177','actress','["Yoshiko Yoshioka"]'),
	 ('nm0619218','tt0036177','actor','["Captain Kotaro Yoshioka"]'),
	 ('nm1796246','tt0036177','actor','["Toshio Yoshioka"]'),
	 ('nm0408348','tt0036177','director',NULL),
	 ('nm0411632','tt0036177','writer',NULL),
	 ('nm0412616','tt0036177','writer',NULL),
	 ('nm1156001','tt0036177','composer',NULL),
	 ('nm0594335','tt0036177','cinematographer',NULL);
INSERT INTO movie_celebrity (celebrity_id,movie_id,category,`characters`) VALUES
	 ('nm0002290','tt0114447','actor','["Frank Stevens"]'),
	 ('nm0698235','tt0114447','cinematographer',NULL),
	 ('nm0865058','tt0114447','actor','["Kim Pao"]'),
	 ('nm0453564','tt0114447','actress','["Natalie Woo"]'),
	 ('nm0156475','tt0114447','actor','["Hue Gung Pao"]'),
	 ('nm0561917','tt0114447','director',NULL),
	 ('nm1802961','tt0114447','producer',NULL),
	 ('nm0802035','tt0114447','producer',NULL),
	 ('nm0074762','tt0114447','composer',NULL),
	 ('nm0006506','tt0114447','cinematographer',NULL);
INSERT INTO movie_celebrity (celebrity_id,movie_id,category,`characters`) VALUES
	 ('nm0344435','tt0120667','actor','["Reed Richards"]'),
	 ('nm0032696','tt0120667','producer',NULL),
	 ('nm0004821','tt0120667','actor','["Ben Grimm"]'),
	 ('nm0262635','tt0120667','actor','["Johnny Storm"]'),
	 ('nm0004695','tt0120667','actress','["Sue Storm"]'),
	 ('nm1103162','tt0120667','director',NULL),
	 ('nm0004111','tt0120667','writer',NULL),
	 ('nm0289833','tt0120667','writer',NULL),
	 ('nm0498278','tt0120667','writer',NULL),
	 ('nm0456158','tt0120667','writer',NULL);
INSERT INTO movie_celebrity (celebrity_id,movie_id,category,`characters`) VALUES
	 ('nm0000704','tt0120737','actor','["Frodo"]'),
	 ('nm0761744','tt0120737','producer',NULL),
	 ('nm0005212','tt0120737','actor','["Gandalf"]'),
	 ('nm0089217','tt0120737','actor','["Legolas"]'),
	 ('nm0000293','tt0120737','actor','["Boromir"]'),
	 ('nm0001392','tt0120737','director',NULL),
	 ('nm0866058','tt0120737','writer',NULL),
	 ('nm0909638','tt0120737','writer',NULL),
	 ('nm0101991','tt0120737','writer',NULL),
	 ('nm0651614','tt0120737','producer',NULL);
INSERT INTO movie_celebrity (celebrity_id,movie_id,category,`characters`) VALUES
	 ('nm0000170','tt0120804','actress','["Alice"]'),
	 ('nm0001504','tt0120804','composer',NULL),
	 ('nm0735442','tt0120804','actress','["Rain"]'),
	 ('nm1011675','tt0120804','actor','["Mr. Grey"]'),
	 ('nm0668994','tt0120804','actor','["Mr. Red"]'),
	 ('nm0027271','tt0120804','director',NULL),
	 ('nm0093337','tt0120804','producer',NULL),
	 ('nm0251536','tt0120804','producer',NULL),
	 ('nm0352820','tt0120804','producer',NULL),
	 ('nm0001937','tt0120804','composer',NULL);
INSERT INTO movie_celebrity (celebrity_id,movie_id,category,`characters`) VALUES
	 ('nm0000169','tt0120912','actor','["Kay"]'),
	 ('nm0662748','tt0120912','producer',NULL),
	 ('nm0000226','tt0120912','actor','["Jay"]'),
	 ('nm0001800','tt0120912','actor','["Zed"]'),
	 ('nm0001223','tt0120912','actress','["Serleena"]'),
	 ('nm0001756','tt0120912','director',NULL),
	 ('nm0192384','tt0120912','writer',NULL),
	 ('nm0330565','tt0120912','writer',NULL),
	 ('nm0266673','tt0120912','writer',NULL),
	 ('nm0531827','tt0120912','producer',NULL);
INSERT INTO movie_celebrity (celebrity_id,movie_id,category,`characters`) VALUES
	 ('nm0159789','tt0121765','actor','["Anakin Skywalker"]'),
	 ('nm0650038','tt0121765','producer',NULL),
	 ('nm0000204','tt0121765','actress','["Padmé"]'),
	 ('nm0000191','tt0121765','actor','["Obi-Wan Kenobi"]'),
	 ('nm0000489','tt0121765','actor','["Count Dooku","Darth Tyranus"]'),
	 ('nm0000184','tt0121765','director',NULL),
	 ('nm0355054','tt0121765','writer',NULL),
	 ('nm1694619','tt0121765','writer',NULL),
	 ('nm2176955','tt0121765','writer',NULL),
	 ('nm0564768','tt0121765','producer',NULL);
INSERT INTO movie_celebrity (celebrity_id,movie_id,category,`characters`) VALUES
	 ('nm0159789','tt0121766','actor','["Anakin Skywalker"]'),
	 ('nm0005897','tt0121766','cinematographer',NULL),
	 ('nm0000204','tt0121766','actress','["Padmé"]'),
	 ('nm0000191','tt0121766','actor','["Obi-Wan Kenobi"]'),
	 ('nm0000168','tt0121766','actor','["Mace Windu"]'),
	 ('nm0000184','tt0121766','director',NULL),
	 ('nm1694619','tt0121766','writer',NULL),
	 ('nm2176955','tt0121766','writer',NULL),
	 ('nm0564768','tt0121766','producer',NULL),
	 ('nm0002354','tt0121766','composer',NULL);
INSERT INTO movie_celebrity (celebrity_id,movie_id,category,`characters`) VALUES
	 ('nm0917620','tt0128165','actor','["Alex Hunter"]'),
	 ('nm0593059','tt0128165','cinematographer',NULL),
	 ('nm0461355','tt0128165','actress','["Samantha"]'),
	 ('nm0553460','tt0128165','actress','["Micky"]'),
	 ('nm0744975','tt0128165','actress','["Langstrom"]'),
	 ('nm1257937','tt0128165','director',NULL),
	 ('nm0520189','tt0128165','writer',NULL),
	 ('nm0410426','tt0128165','producer',NULL),
	 ('nm0592171','tt0128165','producer',NULL),
	 ('nm0848841','tt0128165','producer',NULL);
INSERT INTO movie_celebrity (celebrity_id,movie_id,category,`characters`) VALUES
	 ('nm1317822','tt0131597','actor','["Joe The Driver"]'),
	 ('nm0920408','tt0131597','cinematographer',NULL),
	 ('nm0816839','tt0131597','actor','["Jonny Spanish"]'),
	 ('nm0453548','tt0131597','actress','["Iris"]'),
	 ('nm0004193','tt0131597','actress','["Cyclops"]'),
	 ('nm0080719','tt0131597','director',NULL),
	 ('nm1058227','tt0131597','cinematographer',NULL),
	 ('nm1572231','tt0131597','cinematographer',NULL),
	 ('nm1633229','tt0131597','cinematographer',NULL),
	 ('nm0913927','tt0131597','cinematographer',NULL);
INSERT INTO movie_celebrity (celebrity_id,movie_id,category,`characters`) VALUES
	 ('nm0000230','tt0132245','actor','["Joe Tanto"]'),
	 ('nm0278475','tt0132245','cinematographer',NULL),
	 ('nm0661164','tt0132245','actor','["Jimmy Bly"]'),
	 ('nm0001709','tt0132245','actor','["Beau Brandenburg"]'),
	 ('nm0000608','tt0132245','actor','["Carl Henry"]'),
	 ('nm0001317','tt0132245','director',NULL),
	 ('nm0804847','tt0132245','writer',NULL),
	 ('nm0845844','tt0132245','writer',NULL),
	 ('nm0759627','tt0132245','producer',NULL),
	 ('nm0117741','tt0132245','composer',NULL);
INSERT INTO movie_celebrity (celebrity_id,movie_id,category,`characters`) VALUES
	 ('nm0952498','tt0133063','actor','["Rumo Ranieri"]'),
	 ('nm0087477','tt0133063','composer',NULL),
	 ('nm0576666','tt0133063','actor','["Balthasar"]'),
	 ('nm0343003','tt0133063','actress','["Mira"]'),
	 ('nm0693145','tt0133063','actress',NULL),
	 ('nm1633096','tt0133063','writer',NULL),
	 ('nm0871293','tt0133063','writer',NULL),
	 ('nm0220682','tt0133063','producer',NULL),
	 ('nm0646297','tt0133063','producer',NULL),
	 ('nm0065100','tt0133063','composer',NULL);
INSERT INTO movie_celebrity (celebrity_id,movie_id,category,`characters`) VALUES
	 ('nm0000242','tt0133152','actor','["Captain Leo Davidson"]'),
	 ('nm0005573','tt0133152','producer',NULL),
	 ('nm0000307','tt0133152','actress','["Ari"]'),
	 ('nm0000619','tt0133152','actor','["Thade"]'),
	 ('nm0003817','tt0133152','actor','["Attar"]'),
	 ('nm0000318','tt0133152','director',NULL),
	 ('nm0099541','tt0133152','writer',NULL),
	 ('nm0115310','tt0133152','writer',NULL),
	 ('nm0465199','tt0133152','writer',NULL),
	 ('nm0742797','tt0133152','writer',NULL);
INSERT INTO movie_celebrity (celebrity_id,movie_id,category,`characters`) VALUES
	 ('nm0497621','tt0141120','actress','["Jing"]'),
	 ('nm0931050','tt0141120','composer',NULL),
	 ('nm0000514','tt0141120','actor','["Dan Olinghouse"]'),
	 ('nm0846480','tt0141120','actor','["Chang"]'),
	 ('nm0368745','tt0141120','actor','["Edward"]'),
	 ('nm0413465','tt0141120','director',NULL),
	 ('nm0853715','tt0141120','writer',NULL),
	 ('nm0253189','tt0141120','producer',NULL),
	 ('nm0381043','tt0141120','producer',NULL),
	 ('nm1064516','tt0141120','producer',NULL);
INSERT INTO movie_celebrity (celebrity_id,movie_id,category,`characters`) VALUES
	 ('nm0001497','tt0145487','actor','["Spider-Man","Peter Parker"]'),
	 ('nm0957205','tt0145487','producer',NULL),
	 ('nm0000379','tt0145487','actress','["Mary Jane Watson"]'),
	 ('nm0000353','tt0145487','actor','["Green Goblin","Norman Osborn"]'),
	 ('nm0290556','tt0145487','actor','["Harry Osborn"]'),
	 ('nm0000600','tt0145487','director',NULL),
	 ('nm0498278','tt0145487','writer',NULL),
	 ('nm0228492','tt0145487','writer',NULL),
	 ('nm0462895','tt0145487','writer',NULL),
	 ('nm0117290','tt0145487','producer',NULL);
INSERT INTO movie_celebrity (celebrity_id,movie_id,category,`characters`) VALUES
	 ('nm0001401','tt0146316','actress','["Lara Croft"]'),
	 ('nm0957003','tt0146316','writer',NULL),
	 ('nm0000685','tt0146316','actor','["Lord Richard Croft"]'),
	 ('nm0322513','tt0146316','actor','["Manfred Powell"]'),
	 ('nm0852965','tt0146316','actor','["Bryce"]'),
	 ('nm0922346','tt0146316','director',NULL),
	 ('nm0153384','tt0146316','writer',NULL),
	 ('nm0108273','tt0146316','writer',NULL),
	 ('nm0171718','tt0146316','writer',NULL),
	 ('nm0557266','tt0146316','writer',NULL);
INSERT INTO movie_celebrity (celebrity_id,movie_id,category,`characters`) VALUES
	 ('nm0001032','tt0148415','actress','["Marilyn"]'),
	 ('nm0118456','tt0148415','editor',NULL),
	 ('nm0366573','tt0148415','actress','["Madam Rula"]'),
	 ('nm0769358','tt0148415','actor','["Max"]'),
	 ('nm0663017','tt0148415','actress','["Barbara"]'),
	 ('nm0766578','tt0148415','director',NULL),
	 ('nm0175145','tt0148415','writer',NULL),
	 ('nm0227753','tt0148415','writer',NULL),
	 ('nm0579746','tt0148415','composer',NULL),
	 ('nm0914368','tt0148415','cinematographer',NULL);
INSERT INTO movie_celebrity (celebrity_id,movie_id,category,`characters`) VALUES
	 ('nm0000558','tt0150021','actor','["Jack Potter"]'),
	 ('nm0261133','tt0150021','producer',NULL),
	 ('nm0613147','tt0150021','actor','["Marty Mackenzie"]'),
	 ('nm0029502','tt0150021','actress','["Cindy Davies"]'),
	 ('nm0001235','tt0150021','actor','["Alton Owens"]'),
	 ('nm0005077','tt0150021','director',NULL),
	 ('nm0000671','tt0150021','writer',NULL),
	 ('nm0258370','tt0150021','writer',NULL),
	 ('nm0770046','tt0150021','writer',NULL),
	 ('nm0158861','tt0150021','producer',NULL);
INSERT INTO movie_celebrity (celebrity_id,movie_id,category,`characters`) VALUES
	 ('nm0141281','tt0151299','actor','["Billy ''Rat Bastard'' Starks"]'),
	 ('nm1182645','tt0151299','editor',NULL),
	 ('nm0856086','tt0151299','actor','["Travis Tyler"]'),
	 ('nm0484814','tt0151299','actor','["Mason Tyler"]'),
	 ('nm9762184','tt0151299','actor','["Det. Linard"]'),
	 ('nm0813278','tt0151299','director',NULL),
	 ('nm0071846','tt0151299','writer',NULL),
	 ('nm0819527','tt0151299','writer',NULL),
	 ('nm0086536','tt0151299','producer',NULL),
	 ('nm0002654','tt0151299','cinematographer',NULL);
INSERT INTO movie_celebrity (celebrity_id,movie_id,category,`characters`) VALUES
	 ('nm0103038','tt0157472','actor','["Zak Gibbs"]'),
	 ('nm0005036','tt0157472','producer',NULL),
	 ('nm0829390','tt0157472','actor','["Dr. Earl Dopler"]'),
	 ('nm0305519','tt0157472','actress','["Francesca"]'),
	 ('nm0000299','tt0157472','actor','["Henry Gates"]'),
	 ('nm0000408','tt0157472','director',NULL),
	 ('nm0373154','tt0157472','writer',NULL),
	 ('nm0373151','tt0157472','writer',NULL),
	 ('nm0826425','tt0157472','writer',NULL),
	 ('nm0918955','tt0157472','writer',NULL);

INSERT INTO country (movie_id,title,region,language) VALUES
	 ('tt0036177','Life of Matsu the Untamed','XWW','en'),
	 ('tt0036177','Muhomatsu no issho',NULL,NULL),
	 ('tt0036177','The Life of Matsu the Untamed','US',NULL),
	 ('tt0036177','無法松の一生','JP','ja'),
	 ('tt0036177','Le Pousse-Pousse','FR',NULL),
	 ('tt0114447','O Último Vingador','BR',NULL),
	 ('tt0114447','Titokzatos erő','HU',NULL),
	 ('tt0114447','The Silent Force','US',NULL),
	 ('tt0114447','The Silent Force','GB',NULL),
	 ('tt0114447','The Silent Force',NULL,NULL);
INSERT INTO country (movie_id,title,region,language) VALUES
	 ('tt0120667','Fantastiskas ketvertas','LT',NULL),
	 ('tt0120667','Fantastik to''rtlik','UZ',NULL),
	 ('tt0120667','Fantastic Four',NULL,NULL),
	 ('tt0120667','Фантастичната четворка','BG','bg'),
	 ('tt0120667','Fantastic 4','AU',NULL),
	 ('tt0120667','Fantastyczna Czwórka','PL',NULL),
	 ('tt0120667','Les 4 Fantastiques','FR',NULL),
	 ('tt0120667','4 Fantastic Four',NULL,NULL),
	 ('tt0120667','Fantastiskais četrinieks','LV',NULL),
	 ('tt0120667','Фантастична четворка','RS',NULL);
INSERT INTO country (movie_id,title,region,language) VALUES
	 ('tt0120667','Los 4 Fantásticos','VE',NULL),
	 ('tt0120667','Fantastic 4','US',NULL),
	 ('tt0120667','Cei patru fantastici','RO',NULL),
	 ('tt0120667','Fantastická štvorka','SK',NULL),
	 ('tt0120667','Los 4 Fantásticos','MX',NULL),
	 ('tt0120667','Los 4 fantásticos','PE',NULL),
	 ('tt0120667','驚奇4超人','TW',NULL),
	 ('tt0120667','فنتاستيك فور','AE',NULL),
	 ('tt0120667','Los 4 fantásticos','AR',NULL),
	 ('tt0120667','Fantastic Four','GB',NULL);
INSERT INTO country (movie_id,title,region,language) VALUES
	 ('tt0120667','Quarteto Fantástico','BR',NULL),
	 ('tt0120667','I Fantastici 4','IT',NULL),
	 ('tt0120667','Fantastic Four','US',NULL),
	 ('tt0120667','Ihmeneloset','FI',NULL),
	 ('tt0120667','Fantastična četvorka','HR',NULL),
	 ('tt0120667','Los 4 fantásticos','UY',NULL),
	 ('tt0120667','Fantasztikus négyes','HU',NULL),
	 ('tt0120667','Фантастическая четвёрка','RU',NULL),
	 ('tt0120667','Fantastik dörtlü','TR','tr'),
	 ('tt0120667','शानदार चार','IN','hi');
INSERT INTO country (movie_id,title,region,language) VALUES
	 ('tt0120667','Fantastic Four','GR',NULL),
	 ('tt0120667','Οι Τέσσερις Φανταστικοί','GR',NULL),
	 ('tt0120667','Οι 4 Φανταστικοί','GR',NULL),
	 ('tt0120667','Fantastic Four','DE',NULL),
	 ('tt0120667','Los cuatro fantásticos','ES',NULL),
	 ('tt0120667','Fantastic Four','IN','en'),
	 ('tt0120667','Bộ Tứ Siêu Đẳng','VN',NULL),
	 ('tt0120667','Les quatre fantastiques','CA','fr'),
	 ('tt0120667','Fantastická čtyřka','CZ',NULL),
	 ('tt0120667','Los 4 Fantásticos','ES',NULL);
INSERT INTO country (movie_id,title,region,language) VALUES
	 ('tt0120667','Quarteto Fantástico','PT',NULL),
	 ('tt0120667','The Fantastic Four','US',NULL),
	 ('tt0120667','Фантастична четвірка','UA',NULL),
	 ('tt0120667','Fantastic Four','FI',NULL),
	 ('tt0120667','Fantastic Four','ID','en'),
	 ('tt0120667','ファンタスティック・フォー　超能力ユニット','JP','ja'),
	 ('tt0120667','Fantastic Four','CA','en'),
	 ('tt0120737','Aphinihan Waen Khrong Phiphop','TH','th'),
	 ('tt0120737','魔戒首部曲：魔戒現身','TW',NULL),
	 ('tt0120737','The Lord of the Rings: The Fellowship of the Ring: The Motion Picture','US',NULL);
INSERT INTO country (movie_id,title,region,language) VALUES
	 ('tt0120737','Yüzüklerin Efendisi: Yüzük Kardeşliği','TR','tr'),
	 ('tt0120737','Gospodar prstanov: Bratovscina prstana','SI',NULL),
	 ('tt0120737','Володар перснів: Хранителі персня','UA',NULL),
	 ('tt0120737','The Lord of the Rings: The Fellowship of the Ring','AE',NULL),
	 ('tt0120737','The Lord of the Rings: The Fellowship of the Ring','CA','en'),
	 ('tt0120737','Le seigneur des anneaux - La communauté de l''anneau','CA','fr'),
	 ('tt0120737','Властелин колец: Братство кольца','RU',NULL),
	 ('tt0120737','Il Signore degli Anelli - La compagnia dell''Anello','IT',NULL),
	 ('tt0120737','Hringadróttinssaga: Föruneyti hringsins','IS',NULL),
	 ('tt0120737','Pán prsteňov: Spoločenstvo Prsteňa','SK',NULL);
INSERT INTO country (movie_id,title,region,language) VALUES
	 ('tt0120737','The Lord of the Rings: The Fellowship of the Ring','SG','en'),
	 ('tt0120737','Sõrmuste isand: Sõrmuse vennaskond','EE',NULL),
	 ('tt0120737','Stapânul Inelelor: Fratia Inelului','RO','ro'),
	 ('tt0120737','Sagan om ringen: Härskarringen','FI','sv'),
	 ('tt0120737','Ringenes herre: Eventyret om ringen','DK',NULL),
	 ('tt0120737','The Lord of the Rings: The Fellowship of the Ring','AU',NULL),
	 ('tt0120737','The Lord of the Rings: The Fellowship of the Ring','NZ','en'),
	 ('tt0120737','El señor de los anillos: La comunidad del anillo','AR',NULL),
	 ('tt0120737','Lord of the Rings','JP','en'),
	 ('tt0120737','The Fellowship of the Ring','US',NULL);
INSERT INTO country (movie_id,title,region,language) VALUES
	 ('tt0120737','Gospodarot na prstenite: Druzhinata na prstenot','MK',NULL),
	 ('tt0120737','In de ban van de ring: De reisgenoten','NL',NULL),
	 ('tt0120737','The Lord of the Rings: The Fellowship of the Ring','NZ',NULL),
	 ('tt0120737','O arhontas ton dahtylidion: I syntrofia tou dahtylidiou','GR',NULL),
	 ('tt0120737','ロード・オブ・ザ・リング','JP','ja'),
	 ('tt0120737','指环王：护戒使者','CN','cmn'),
	 ('tt0120737','The Lord of the Rings: The Fellowship of the Ring','ID','en'),
	 ('tt0120737','Chúa Tể Của Những Chiếc Nhẫn: Những Người Bạn Của Nhẫn','VN',NULL),
	 ('tt0120737','A Gyűrűk Ura: A gyűrű szövetsége','HU',NULL),
	 ('tt0120737','Taru sormusten herrasta: Sormuksen ritarit','FI',NULL);
INSERT INTO country (movie_id,title,region,language) VALUES
	 ('tt0120737','El senyor dels anells: La comunitat de l''anell','ES','ca'),
	 ('tt0120737','Arbab-e halgheha: Yaran-e halgheh','IR','fa'),
	 ('tt0120737','Rôdo obu za ringu','JP',NULL),
	 ('tt0120737','O Senhor dos Anéis - A Irmandade do Anel','PT',NULL),
	 ('tt0120737','Володар перснів: Братерство персня','UA',NULL),
	 ('tt0120737','El señor de los anillos: La comunidad del anillo','ES',NULL),
	 ('tt0120737','The Lord of the Rings: The Fellowship of the Ring','US',NULL),
	 ('tt0120737','The Lord of the Rings: The Fellowship of the Ring','PH','en'),
	 ('tt0120737','Stăpânul inelelor: Frăția inelului','RO',NULL),
	 ('tt0120737','Žiedų valdovas. Žiedo brolija','LT',NULL);
INSERT INTO country (movie_id,title,region,language) VALUES
	 ('tt0120737','Ringenes herre: Ringens brorskap','NO',NULL),
	 ('tt0120737','Володар перснів: Братство персня','UA',NULL),
	 ('tt0120737','O Senhor dos Anéis: A Sociedade do Anel','BR',NULL),
	 ('tt0120737','Le Seigneur des anneaux : La Communauté de l''anneau','FR',NULL),
	 ('tt0120737','Gospodar prstenova: Prstenova družina','HR',NULL),
	 ('tt0120737','Seyyed alkhavatem: Sohbat alkhatam','EG','ar'),
	 ('tt0120737','Sagan om ringen','SE',NULL),
	 ('tt0120737','Pán prstenů: Společenstvo prstenu','CZ',NULL),
	 ('tt0120737','El señor de los anillos: La comunidad del anillo','MX',NULL),
	 ('tt0120737','El senyor dels anells: La germandat de l''anell','ES','ca');
INSERT INTO country (movie_id,title,region,language) VALUES
	 ('tt0120737','The Lord of the Rings: The Fellowship of the Ring','GB',NULL),
	 ('tt0120737','El señor de los anillos: La comunidad del anillo','CL',NULL),
	 ('tt0120737','Kryezoti i Unazave: Besëlidhja e Unazës','AL',NULL),
	 ('tt0120737','Властелинът на пръстените: Задругата на пръстена','BG','bg'),
	 ('tt0120737','Taru Sormusten Herrasta - Sormuksen ritarit','FI',NULL),
	 ('tt0120737','Господар прстенова: Дружина прстена','RS',NULL),
	 ('tt0120737','Bechdebis mbrdzanebeli: Bechdis sadzmo','GE',NULL),
	 ('tt0120737','Sar HaTabaot: Achvat HaTabaat','IL','he'),
	 ('tt0120737','El señor de los anillos: La comunidad del anillo','PE',NULL),
	 ('tt0120737','Der Herr der Ringe: Die Gefährten','DE',NULL);
INSERT INTO country (movie_id,title,region,language) VALUES
	 ('tt0120737','Sagan om ringen: Härskarringen','SE',NULL),
	 ('tt0120737','The Lord of the Rings: The Fellowship of the Ring','XWW','en'),
	 ('tt0120737','The Lord of the Rings: The Fellowship of the Ring','IN','en'),
	 ('tt0120737','The Lord of the Rings: The Fellowship of the Ring','IN','hi'),
	 ('tt0120737','Gredzenu pavēlnieks: Gredzena brālība','LV',NULL),
	 ('tt0120737','Ο άρχοντας των δαχτυλιδιών: Η συντροφιά του δαχτυλιδιού','GR',NULL),
	 ('tt0120737','Władca Pierścieni: Drużyna Pierścienia','PL',NULL),
	 ('tt0120737','Uzuklar hukmdori: Uzukning ittifoqi','UZ',NULL),
	 ('tt0120737','The Lord of the Rings: The Fellowship of the Ring',NULL,NULL),
	 ('tt0120804','Resident Evil',NULL,NULL);
INSERT INTO country (movie_id,title,region,language) VALUES
	 ('tt0120804','Yovuzlik maskani','UZ',NULL),
	 ('tt0120804','Resident Evil','SG','en'),
	 ('tt0120804','Resident Evil: Domena zła','PL',NULL),
	 ('tt0120804','Resident Evil','GR',NULL),
	 ('tt0120804','Resident evil - El huésped maldito','VE',NULL),
	 ('tt0120804','惡靈古堡','TW',NULL),
	 ('tt0120804','Resident evil: Experiment fatal','RO',NULL),
	 ('tt0120804','El huésped maldito','CO',NULL),
	 ('tt0120804','Resident Evil','PT',NULL),
	 ('tt0120804','Resident Evil: El huésped maldito','MX',NULL);
INSERT INTO country (movie_id,title,region,language) VALUES
	 ('tt0120804','Unbeatable Evil','RU',NULL),
	 ('tt0120804','Resident Evil','GB',NULL),
	 ('tt0120804','Resident Evil','PL',NULL),
	 ('tt0120804','मौत का बुलावा','IN','hi'),
	 ('tt0120804','Resident Evil','IN','en'),
	 ('tt0120804','Resident Evil','ES',NULL),
	 ('tt0120804','Resident evil: Les esprits maléfiques','CA','fr'),
	 ('tt0120804','Resident Evil','FI',NULL),
	 ('tt0120804','Обитель зла','RU',NULL),
	 ('tt0120804','Заразно зло','BG','bg');
INSERT INTO country (movie_id,title,region,language) VALUES
	 ('tt0120804','Biohazard','JP','en'),
	 ('tt0120804','Притајено зло','RS',NULL),
	 ('tt0120804','Absoliutus blogis','LT',NULL),
	 ('tt0120804','Resident Evil: El huésped maldito','UY',NULL),
	 ('tt0120804','Resident Evil','DE',NULL),
	 ('tt0120804','Resident Evil','PH','en'),
	 ('tt0120804','Nezūdošais ļaunums','LV',NULL),
	 ('tt0120804','Resident Evil','US',NULL),
	 ('tt0120804','Resident Evil: O Hóspede Maldito','BR',NULL),
	 ('tt0120804','Ölümcül deney','TR','tr');
INSERT INTO country (movie_id,title,region,language) VALUES
	 ('tt0120804','Resident Evil','SK',NULL),
	 ('tt0120804','Resident Evil - Genesis','CH','de'),
	 ('tt0120804','Resident Evil','ID','en'),
	 ('tt0120804','Resident Evil','IT',NULL),
	 ('tt0120804','Baiohazado','JP',NULL),
	 ('tt0120804','Resident Evil','FR',NULL),
	 ('tt0120804','Resident Evil','HR',NULL),
	 ('tt0120804','Resident Evil','CA','en'),
	 ('tt0120804','A kaptár','HU',NULL),
	 ('tt0120804','Оселя зла','UA',NULL);
INSERT INTO country (movie_id,title,region,language) VALUES
	 ('tt0120804','Resident Evil','AU',NULL),
	 ('tt0120804','Resident Evil','IN','hi'),
	 ('tt0120804','Resident Evil: Ground Zero','US',NULL),
	 ('tt0120804','Resident Evil','AE',NULL),
	 ('tt0120804','Resident Evil the Movie','US',NULL),
	 ('tt0120804','バイオハザード','JP','ja'),
	 ('tt0120804','El huésped maldito','AR',NULL),
	 ('tt0120804','Vùng Đất Quỷ Dữ','VN',NULL),
	 ('tt0120804','Resident evil: Les créatures maléfiques','CA','fr'),
	 ('tt0120912','Oi andres me ta mavra II','GR',NULL);
INSERT INTO country (movie_id,title,region,language) VALUES
	 ('tt0120912','Men in Black II','CA','en'),
	 ('tt0120912','Люди в чорному 2','UA',NULL),
	 ('tt0120912','मेन इन ब्लैक 2','IN','hi'),
	 ('tt0120912','Hombres de negro II','MX',NULL),
	 ('tt0120912','Mehed mustas 2','EE',NULL),
	 ('tt0120912','Men in Black II','US',NULL),
	 ('tt0120912','Men in Black II','FI',NULL),
	 ('tt0120912','Men in Black II - miehet mustissa 2','FI',NULL),
	 ('tt0120912','Men in Black II','DE',NULL),
	 ('tt0120912','Vyrai juodais drabužiais II','LT',NULL);
INSERT INTO country (movie_id,title,region,language) VALUES
	 ('tt0120912','Hommes en noir II','CA','fr'),
	 ('tt0120912','Men in Black II','IN','hi'),
	 ('tt0120912','Men in Black 2','US',NULL),
	 ('tt0120912','Мъже в черно 2','BG','bg'),
	 ('tt0120912','Muži v černém 2','CZ',NULL),
	 ('tt0120912','Men in Black 2','DE',NULL),
	 ('tt0120912','Mozje v crnem 2','SI',NULL),
	 ('tt0120912','MIB 2 - Homens de Negro II','PT',NULL),
	 ('tt0120912','Men in Black II: Hombres de negro II','ES',NULL),
	 ('tt0120912','Men in Black II','AT',NULL);

INSERT INTO rating (movie_id,average_rating,num_votes) VALUES
	 ('tt0036177',7.3,113),
	 ('tt0114447',4.2,150),
	 ('tt0120667',5.7,320025),
	 ('tt0120737',8.8,1742565),
	 ('tt0120804',6.7,258771),
	 ('tt0120912',6.2,358140),
	 ('tt0121765',6.5,669666),
	 ('tt0121766',7.5,742090),
	 ('tt0128165',4.0,72),
	 ('tt0131597',5.1,23);
INSERT INTO rating (movie_id,average_rating,num_votes) VALUES
	 ('tt0132245',4.6,40531),
	 ('tt0133063',6.9,329),
	 ('tt0133152',5.7,215432),
	 ('tt0141120',3.9,360),
	 ('tt0145487',7.3,731376),
	 ('tt0146316',5.8,204724),
	 ('tt0148415',4.0,63),
	 ('tt0150021',4.6,1804),
	 ('tt0151299',5.2,20),
	 ('tt0157472',5.2,13962);
INSERT INTO rating (movie_id,average_rating,num_votes) VALUES
	 ('tt0159273',6.4,102480),
	 ('tt0159378',5.3,41),
	 ('tt0160275',6.8,168),
	 ('tt0163025',5.9,306384),
	 ('tt0163764',6.0,255),
	 ('tt0164184',6.4,111477),
	 ('tt0164961',6.5,21776),
	 ('tt0167116',6.0,3228),
	 ('tt0167190',6.8,316896),
	 ('tt0167260',8.9,1721247);
INSERT INTO rating (movie_id,average_rating,num_votes) VALUES
	 ('tt0167261',8.7,1556138),
	 ('tt0167456',4.3,13662),
	 ('tt0172156',6.6,241123),
	 ('tt0173840',6.4,81226),
	 ('tt0177882',6.6,4974),
	 ('tt0179626',6.1,49670),
	 ('tt0180052',3.8,25427),
	 ('tt0181689',7.6,529190),
	 ('tt0181739',6.3,34643),
	 ('tt0181852',6.3,387851);
INSERT INTO rating (movie_id,average_rating,num_votes) VALUES
	 ('tt0183790',6.9,179665),
	 ('tt0187738',6.7,208798),
	 ('tt0188575',5.5,80),
	 ('tt0190938',5.5,972),
	 ('tt0193364',4.7,8285),
	 ('tt0193560',5.2,5757),
	 ('tt0195393',4.8,111),
	 ('tt0196158',3.5,7319),
	 ('tt0199898',4.7,270),
	 ('tt0201694',2.7,1056);
INSERT INTO rating (movie_id,average_rating,num_votes) VALUES
	 ('tt0203536',4.6,570),
	 ('tt0205380',4.9,167),
	 ('tt0206314',6.6,67140),
	 ('tt0206634',7.9,481858),
	 ('tt0207198',6.8,3641),
	 ('tt0209163',6.4,312473),
	 ('tt0210223',4.9,216),
	 ('tt0210470',6.7,64),
	 ('tt0211443',4.4,54247),
	 ('tt0212867',5.0,1233);
INSERT INTO rating (movie_id,average_rating,num_votes) VALUES
	 ('tt0213149',6.2,321737),
	 ('tt0213642',3.4,507),
	 ('tt0214032',6.0,57),
	 ('tt0214529',4.5,4849),
	 ('tt0215135',4.4,3396),
	 ('tt0217979',3.4,659),
	 ('tt0218053',3.0,225),
	 ('tt0218126',3.4,439),
	 ('tt0218817',6.1,29049),
	 ('tt0219957',4.8,292);
INSERT INTO rating (movie_id,average_rating,num_votes) VALUES
	 ('tt0221637',5.8,96),
	 ('tt0223284',3.5,213),
	 ('tt0225828',3.9,161),
	 ('tt0227194',5.5,4996),
	 ('tt0227445',6.8,125357),
	 ('tt0227538',5.5,113318),
	 ('tt0227984',6.3,48713),
	 ('tt0228333',4.9,53220),
	 ('tt0228906',5.8,17),
	 ('tt0228977',7.3,61);
INSERT INTO rating (movie_id,average_rating,num_votes) VALUES
	 ('tt0230011',6.9,112065),
	 ('tt0231402',4.8,24496),
	 ('tt0231448',5.6,7326),
	 ('tt0232098',3.2,898),
	 ('tt0232500',6.8,369727),
	 ('tt0232537',6.3,87),
	 ('tt0233142',6.0,45569),
	 ('tt0233469',5.5,73833),
	 ('tt0233559',3.5,177),
	 ('tt0234215',7.2,547310);
INSERT INTO rating (movie_id,average_rating,num_votes) VALUES
	 ('tt0235280',2.8,1098),
	 ('tt0235553',5.1,1367),
	 ('tt0235853',7.4,101),
	 ('tt0237534',7.0,64935),
	 ('tt0237687',5.5,290),
	 ('tt0238380',7.4,319751),
	 ('tt0238552',5.4,14463),
	 ('tt0238948',5.4,8325),
	 ('tt0239395',5.1,58398),
	 ('tt0240468',6.2,45177);
INSERT INTO rating (movie_id,average_rating,num_votes) VALUES
	 ('tt0240510',6.5,33583),
	 ('tt0242445',5.6,34498),
	 ('tt0242653',6.8,472551),
	 ('tt0242746',5.0,257),
	 ('tt0242798',4.8,629),
	 ('tt0243278',5.2,693),
	 ('tt0243554',6.4,2928),
	 ('tt0243609',7.0,10791),
	 ('tt0243885',3.7,542),
	 ('tt0243907',5.2,777);
INSERT INTO rating (movie_id,average_rating,num_votes) VALUES
	 ('tt0244000',6.0,16027),
	 ('tt0244244',6.5,182430),
	 ('tt0244479',7.2,5733),
	 ('tt0245095',4.0,525),
	 ('tt0245120',5.3,8643),
	 ('tt0245562',6.1,67618),
	 ('tt0245674',5.6,84585),
	 ('tt0245799',5.4,90),
	 ('tt0245803',5.5,49860),
	 ('tt0245844',7.7,133736);
INSERT INTO rating (movie_id,average_rating,num_votes) VALUES
	 ('tt0245891',5.9,1283),
	 ('tt0246409',5.9,20),
	 ('tt0246460',6.1,213275),
	 ('tt0246544',4.8,14413),
	 ('tt0246894',3.1,27772),
	 ('tt0247254',5.5,2141),
	 ('tt0247303',4.6,4473),
	 ('tt0247419',5.1,1025),
	 ('tt0248640',4.5,3200),
	 ('tt0248742',3.4,489);
INSERT INTO rating (movie_id,average_rating,num_votes) VALUES
	 ('tt0249371',6.5,13791),
	 ('tt0249498',6.0,135),
	 ('tt0249511',4.2,144),
	 ('tt0249516',1.6,10493),
	 ('tt0250023',5.9,42),
	 ('tt0250485',3.6,508),
	 ('tt0250613',3.4,1701),
	 ('tt0250687',6.4,112760),
	 ('tt0250720',5.4,9117),
	 ('tt0252223',4.9,2646);
INSERT INTO rating (movie_id,average_rating,num_votes) VALUES
	 ('tt0252503',6.5,35101),
	 ('tt0253126',6.2,3507),
	 ('tt0253335',5.9,320),
	 ('tt0253487',5.4,15),
	 ('tt0253556',6.2,131715),
	 ('tt0253754',6.4,76920),
	 ('tt0254252',5.2,743),
	 ('tt0254334',5.3,3061),
	 ('tt0254481',7.1,22829),
	 ('tt0254775',5.2,1316);
INSERT INTO rating (movie_id,average_rating,num_votes) VALUES
	 ('tt0255443',3.9,84),
	 ('tt0256155',3.2,1318),
	 ('tt0256341',5.6,390),
	 ('tt0256400',5.2,84),
	 ('tt0256531',4.7,186),
	 ('tt0257076',6.0,143447),
	 ('tt0257510',3.8,1980),
	 ('tt0257568',4.4,30910),
	 ('tt0258038',5.3,14125),
	 ('tt0258463',7.9,526353);
INSERT INTO rating (movie_id,average_rating,num_votes) VALUES
	 ('tt0259324',5.3,230721),
	 ('tt0259386',5.0,310),
	 ('tt0259484',7.1,11900),
	 ('tt0259711',6.9,256875),
	 ('tt0260136',4.3,672),
	 ('tt0262462',5.5,816),
	 ('tt0262828',2.5,180),
	 ('tt0263728',4.0,2737),
	 ('tt0263746',3.8,662),
	 ('tt0263939',6.4,520);
INSERT INTO rating (movie_id,average_rating,num_votes) VALUES
	 ('tt0264333',6.7,1713),
	 ('tt0264365',3.5,261),
	 ('tt0264395',6.5,61648),
	 ('tt0264410',3.1,561),
	 ('tt0264429',3.6,1829),
	 ('tt0264508',6.3,18083),
	 ('tt0264605',3.7,128),
	 ('tt0264606',3.4,207),
	 ('tt0264792',4.8,297),
	 ('tt0265104',4.7,2755);
INSERT INTO rating (movie_id,average_rating,num_votes) VALUES
	 ('tt0265198',2.9,606),
	 ('tt0265226',5.6,95),
	 ('tt0265521',6.5,18),
	 ('tt0265611',5.4,279),
	 ('tt0265709',5.8,1902),
	 ('tt0265944',3.6,1923),
	 ('tt0266102',6.9,98),
	 ('tt0266339',2.8,19),
	 ('tt0266465',6.1,46549),
	 ('tt0266486',3.9,216);
INSERT INTO rating (movie_id,average_rating,num_votes) VALUES
	 ('tt0266697',8.1,1053510),
	 ('tt0266915',6.6,209660),
	 ('tt0266987',7.1,152672),
	 ('tt0267129',6.2,11935),
	 ('tt0267287',6.5,13164),
	 ('tt0267336',3.8,212),
	 ('tt0267379',4.1,135),
	 ('tt0267414',4.8,245),
	 ('tt0267659',5.1,508),
	 ('tt0267804',5.9,90451);

	 

